url,name
/person/beverley-lynette-abrahams/,Beverley Lynnette Abrahams
/person/patricia-emily-adams/,Patricia Emily Adams
/person/freddie-adams/,Freddie Adams
/person/anton-de-waal-alberts/,Anton De Waal Alberts
/person/derrick-america/,Derrick America
/person/patrick-george-atkinson/,Patrick George Atkinson
/person/michael-bagraim/,Michael Bagraim
/person/tarnia-elena-baker/,Tarnia Elena Baker
/person/zisiwe-beauty-nosimo-balindlela/,Zisiwe Beauty Nosimo Balindlela
/person/vatiswa-bam-mugwanya/,Vatiswa Bam-Mugwanya
/person/kopeng-obed-bapela/,Obed Bapela
/person/joyce-vuyiswa-basson/,Joyce Vuyiswa Basson
/person/leonard-jones-basson/,Leonard Jones Basson
/person/simphiwe-donatus-bekwa/,Simphiwe Donatus Bekwa
/person/darren-bergman/,Darren Bergman
/person/francois-beukman/,Francois Beukman
/person/bennet-mzwenqaba-bhanga/,Bennet Mzwenqaba Bhanga
/person/fezile-bhengu/,Fezile Bhengu
/person/nozabelo-ruth-bhengu/,Nozabelo Ruth Bhengu
/person/phumzile-bhengu/,Phumzile Bhengu
/person/nkhensani-kate-bilankulu/,Nkhensani Kate Bilankulu
/person/hendrietta-ipeleng-bogopane-zulu/,Henrietta Bogopane-Zulu
/person/bongani-thomas-bongo/,Bongani Thomas Bongo
/person/trevor-bonhomme/,Trevor John Bonhomme
/person/mnyamezeli-shedrack-booi/,Mnyamezeli Shedrack Booi
/person/mmatlala-grace-boroto/,Mmatlala Grace Boroto
/person/shela-paulina-boshielo/,Shela Paulina Boshielo
/person/hildegard-sonja-boshoff/,Hildegard Sonja Boshoff
/person/yolanda-rachel-botha/,Yolanda Rachel Botha
/person/timothy-james-brauteseth/,Timothy James Brauteseth
/person/glynnis-breytenbach/,Glynnis Breytenbach
/person/lynette-brown/,Lyn Brown
/person/mangosuthu-gatsha-buthelezi/,Mangosuthu Gatsha Buthelezi
/person/rosemary-nokuzola-capa/,Rosemary Nokuzola Capa
/person/ndumiso-capa/,Ndumiso Capa
/person/michael-john-cardo/,Michael John Cardo
/person/yunus-ismail-carrim/,Yunus Ismail Carrim
/person/deidre-carter/,Deidre Carter
/person/yusuf-cassim/,Yusuf Cassim
/person/mosie-antony-cele/,Mosie Antony Cele
/person/bhekokwakhe-hamilton-cele/,Bheki Cele
/person/ohm-collins-chabane/,Collins Chabane
/person/roger-william-tobias-chance/,Roger William Tobias Chance
/person/lydia-sindisiwe-chikunga/,Sindi Chikunga
/person/fatima-ismail-chohan/,Fatima Chohan
/person/elsie-mmathulare-coleman/,Elsie Mmathulare Coleman
/person/jeremy-patrick-cronin/,Jeremy Cronin
/person/siyabonga-cyprian-cwele/,Siyabonga Cwele
/person/ms-letsatsi-duba-db/,Dipuo Bertha Letsatsi-Duba
/person/phumzile-thelma-van-damme/,Phumzile Thelma Van Damme
/person/robert-haydn-davies/,Rob Davies
/person/gavin-richard-davis/,Gavin Richard Davis
/person/angela-thokozile-didiza/,Angela Thokozile Didiza
/person/mervyn-alexander-dirks/,Mervyn Alexander Dirks
/person/dorries-eunice-dlakude/,Dorries Eunice Dlakude
/person/bathabile-olive-dlamini/,Bathabile Dlamini
/person/zephroma-sizani-dlamini-dubazana/,Zephroma Sizani Dlamini-Dubazana
/person/ayanda-dlodlo/,Ayanda Dlodlo
/person/bongekile-jabulile-dlomo/,Bongekile Jabulile Dlomo
/person/beauty-nomvuzo-dlulane/,Beauty Nomvuzo Dlulane
/person/anchen-margaretha-dreyer/,Anchen Margaretha Dreyer
/person/cheryllyn-dudley/,Cheryllyn Dudley
/person/mary-ann-lindelwa-dunjwa/,Mary-Ann Lindelwa Dunjwa
/person/veronica-van-dyk/,Veronica Van Dyk
/person/ebrahim-ismail-ebrahim/,Ebrahim Ismail Ebrahim
/person/ahmed-munzoor-shaik-emam/,Ahmed Munzoor Shaik Emam
/person/shahid-esau/,Shahid Esau
/person/jan-adriaan-esterhuizen/,Jan Adriaan Esterhuizen
/person/zukisa-cheryl-faku/,Zukisa Cheryl Faku
/person/malcolm-john-figg/,Malcolm John Figg
/person/a-m-figlan/,Archibold Mzuvukile Figlan
/person/mncedisi-lutando-wellington-filtane/,Mncedisi Lutando Wellington Filtane
/person/manuel-simao-franca-de-freitas/,Manuel Simão Franca De Freitas
/person/cedric-thomas-frolick/,Cedric Thomas Frolick
/person/joanmariae-louise-fubbs/,Joanmariae Louise Fubbs
/person/mandlenkosi-phillip-galo/,Mandlenkosi Phillip Galo
/person/dumisani-dennis-gamede/,Dennis Dumisani Gamede
/person/makashule-gana/,Stanford Makashule Gana
/person/godrich-ahmed-gardee/,Godrich Ahmed Gardee
/person/lungi-annette-mnganga-gcabashe/,Lungi Annette Mnganga - Gcabashe
/person/ndabakayise-erasmus-gcwabaza/,Ndabakayise Erasmus Gcwabaza
/person/dion-travers-george/,Dion Travers George
/person/knowledge-malusi-nkanyezi-gigaba/,Malusi Gigaba
/person/nomalungelo-gina/,Nomalungelo Gina
/person/joseph-job-mc-gluwa/,Joseph Job Mc Gluwa
/person/nelson-themba-godi/,Nelson Themba Godi
/person/monwabisi-bevan-goqwana/,Monwabisi Bevan Goqwana
/person/pravin-gordhan/,Pravin Gordhan
/person/tandeka-gqada/,Tandeka Gqada
/person/lance-william-greyling/,Lance William Greyling
/person/petrus-johannes-groenewald/,Petrus Johannes Groenewald
/person/gregory-allen-grootboom/,Gregory Allen Grootboom
/person/donald-mlindwa-gumede/,Donald Mlindwa Gumede
/person/thomas-zwelakhe-hadebe/,Thomas Zwelakhe Hadebe
/person/derek-andre-hanekom/,Derek Hanekom
/person/geordin-gwyn-hill-lewis/,Geordin Gwyn Hill-Lewis
/person/mkhuleko-hlengwa/,Mkhuleko Hlengwa
/person/bantubonke-harrington-holomisa/,Bantubonke Harrington Holomisa
/person/sango-patekile-holomisa/,Patekile Holomisa
/person/mohammed-haniff-hoosen/,Mohammed Haniff Hoosen
/person/werner-horn/,Werner Horn
/person/christian-hans-heinrich-hunsinger/,Christian Hans Heinrich Hunsinger
/person/steven-mahlubanzima-jafta/,Steven Mahlubanzima Jafta
/person/wilmot-godfrey-james/,Wilmot Godfrey James
/person/lungiswa-veronica-james/,Lungiswa Veronica James
/person/john-harold-jeffery/,John Jeffery
/person/tina-monica-joemat-pettersson/,Tina Joemat-Petterssen
/person/mlungisi-johnson/,Mlungisi Johnson
/person/mcebisi-jonas/,Mcebisi Jonas
/person/zelda-jongbloed/,Zelda Jongbloed
/person/bernard-daniel-joseph/,Bernard Daniel Joseph
/person/mziwamadoda-uppington-kalako/,Mziwamadoda Uppington Kalako
/person/santosh-vinita-kalyan/,Santosh Vinita Kalyan
/person/charles-danny-kekana/,Charles Danny Kekana
/person/maesela-david-kekana/,Maesela David Kekana
/person/ezekiel-kekana/,Ezekiel Kekana
/person/pinky-sharon-kekana/,Pinky Sharon Kekana
/person/hellen-boikhutso-kekana/,Hellen Boikhutso Kekana
/person/tandiwe-elizabeth-kenye/,Tandiwe Elizabeth Kenye
/person/makoti-sibongile-khawula/,Makoti Sibongile Khawula
/person/lefu-peter-khoarai/,Lefu Peter Khoarai
/person/dalton-hlamalani-khosa/,Dalton Hlamalani Khosa
/person/timothy-zanoxolo-matsebane-khoza/,Timothy Zanoxolo Matsebane Khoza
/person/makhosi-busisiwe-khoza/,Makhosi Busisiwe Khoza
/person/nicholous-pro-khoza/,Nicholous Pro Khoza
/person/nhlanhlakayise-moses-khubisa/,Nhlanhlakayise Moses Khubisa
/person/nthabiseng-pauline-khunou/,Nthabiseng Pauline Khunou
/person/juliana-danielle-kilian/,Juliana Danielle Kilian
/person/karen-de-kock/,Karen De Kock
/person/dianne-kohler-barnard/,Dianne Kohler Barnard
/person/gerhardus-willem-koornhof/,Gerhardus Willem Koornhof
/person/semakaleng-patricia-kopane/,Semakaleng Patricia Kopane
/person/zoliswa-albertina-kota-fredericks/,Zoe Kota-Fredericks
/person/gregory-rudy-krumbock/,Gregory Rudy Krumbock
/person/hendrik-christiaan-crafford-kruger/,Hendrik Christiaan Crafford Krüger
/person/mmamoloko-tryphosa-kubayi/,Mmamoloko Tryphosa Kubayi
/person/nqabayomzi-lawrence-kwankwa/,Nqabayomzi Lawrence Saziso Nkwankwa
/person/luwellyn-tyrone-landers/,Lluwelyn Landers
/person/robert-alfred-lees/,Robert Alfred Lees
/person/mosiuoa-gerard-patrick-lekota/,Mosiuoa Gerard Patrick Lekota
/person/regina-mina-mpontseng-lesoma/,Regina Mina Mpontseng Lesoma
/person/maseko-lindiwe/,Lindiwe Michelle Maseko
/person/khanyisile-litchfield-tshabalala/,Khanyisile Litchfield-Tshabalala
/person/fezeka-sister-loliwe/,Fezeka Sister Loliwe
/person/james-robert-bourne-lorimer/,James Robert Bourne Lorimer
/person/annelie-lotriet/,Annelie Lotriet
/person/elsabe-natasha-louw/,Elsabe Natasha Louw
/person/annette-theresa-lovemore/,Annette Theresa Lovemore
/person/zukile-luyenge/,Zukile Luyenge
/person/sahlulele-luzipo/,Sahlulele Luzipho
/person/jerome-joseph-maake/,Jerome Joseph Maake
/person/xitlhangoma-mabasa/,Xitlhangoma Mabasa
/person/bertha-peace-mabe/,Bertha Peace Mabe
/person/puleng-peter-mabe/,Puleng Peter Mabe
/person/livhuhani-mabija/,Livhuhani Mabija
/person/mandlenkosi-sicelo-mabika/,Mandlenkosi Sicelo Mabika
/person/solomon-patrick-mabilo/,Solomon Patrick Mabilo
/person/thizwilondi-rejoyce-mabudafhasi/,Rejoice Mabudafhasi
/person/gordon-mackay/,Gordon Mackay
/person/cameron-mackenzie/,Cameron Mackenzie
/person/dean-william-macpherson/,Dean William Macpherson
/person/andrew-frans-madella/,Andrew Frans Madella
/person/nomzamo-winfred-madikizela-mandela/,Nomzamo Winfred Madikizela-Mandela
/person/william-mothipa-madisha/,William Mothipa Madisha
/person/celiwe-qhamkile-madlopha/,Celiwe Qhamkile Madlopha
/person/patrick-maesela/,Patrick Maesela
/person/mapule-veronica-mafolo/,Mapule Veronica Mafolo
/person/nocawe-noncedo-mafu/,Nocawe Noncedo Mafu
/person/nosilivere-winnifred-magadla/,Nosilivere Winifred Magadla
/person/dikeledi-phillistus-magadzi/,Dikeledi Phillistus Magadzi
/person/gratitude-magwanishe/,Gratitude Magwanishe
/person/tandi-mahambehlala/,Tandi Mahambehlala
/person/amos-fish-mahlalela/,Amos Fish Mahlalela
/person/dikeledi-gladys-mahlangu/,Dikeledi Gladys Mahlangu
/person/jabulani-lukas-mahlangu/,Jabulani Lukas Mahlangu
/person/mbangiseni-david-mahlobo/,David Mahlobo
/person/moloko-stanford-armour-maila/,Moloko Stanford Armour Maila
/person/mmusi-aloysias-maimane/,Mmusi Aloysias Maimane
/person/richard-majola/,Thembekile Richard Majola
/person/fikile-zachariah-majola/,Fikile Zachariah Majola
/person/lusizo-sharon-makhubela-mashele/,Lusizo Sharon Makhubela-Mashele
/person/zondi-silence-makhubele/,Zondi Silence Makhubele
/person/thomas-makondo/,Thomas Makondo
/person/sampson-phathakge-makwetla/,Thabang Makwetla
/person/julius-sello-malema/,Julius Sello Malema
/person/hope-helene-malgas/,Hope Helene Malgas
/person/johanna-mmule-maluleke/,Johanna Mmule Maluleke
/person/kgwaridi-buti-manamela/,Buti Manamela
/person/mduduzi-comfort-manana/,Mduduzi Manana
/person/millicent-ntombizodwa-sibongile-manana/,Millicent Ntombizodwa Sibongile Manana
/person/duduzile-promise-manana/,Duduzile Promise Manana
/person/zwelivelile-mandlesizwe-dalibhunga-mandela/,Zwelivelile Mandlesizwe Dalibhunga Mandela
/person/priscilla-tozama-mantashe/,Priscilla Tozama Mantashe
/person/emmanuel-ramaotoana-kebby-maphatsoe/,Kebby Maphatsoe
/person/nosiviwe-noluthando-mapisa-nqakula/,Nosiviwe Mapisa-Nqakula
/person/mohlopi-phillemon-mapulane/,Mohlopi Phillemon Mapulane
/person/erik-johannes-marais/,Erik Johannes Marais
/person/sarel-jacobus-francois-marais/,Sarel Jacobus Francois Marais
/person/nomsa-innocencia-tarabella-marchesi/,Nomsa Innocencia Tarabella Marchesi
/person/benedict-anthony-duke-martins/,Benedict Anthony Duke Martins
/person/s-j-masango/,Suhla James Masango
/person/moses-siphosezwe-amos-masango/,Moses Siphosezwe Amos Masango
/person/elizabeth-koena-mmanoko-masehela/,Elizabeth Koena Mmanoko Masehela
/person/ngwanamakwetle-reneiloe-mashabela/,Ngwanamakwetle Reneiloe Mashabela
/person/shipokasa-paulus-mashatile/,Shipokosa Paulus Mashatile
/person/kwati-candith-mashego-dlamini/,Candith Mashego-Dlamini
/person/buoang-lemias-mashile/,Buoang Lemias Mashile
/person/mzwandile-collen-masina/,Mzwandile Masina
/person/nkosiyakhe-amos-masondo/,Nkosiyakhe Amos Masondo
/person/madala-backson-masuku/,Madala Masuku
/person/tshililo-michael-masutha/,Michael Masutha
/person/cassel-charlie-mathale/,Cassel Charlie Mathale
/person/dudu-hellen-mathebe/,Dudu Hellen Mathebe
/person/nthako-sam-matiase/,Nthako Sam Matiase
/person/motswaledi-hezekiel-matlala/,Motswaledi Hezekiel Matlala
/person/abinaar-modikela-matlhoko/,Abinaar Modikela Matlhoko
/person/choloane-david-matsepe/,Choloane David Matsepe
/person/mandisa-octovia-matshoba/,Mandisa Octovia Matshoba
/person/asanda-matshobeni/,Asanda Matshobeni
/person/cathrine-matsimbi/,Cathrine Matsimbi
/person/risimati-thompson-mavunda/,Risimati Thompson Mavunda
/person/humphrey-maxegwana/,Comely Humphrey Maqocwa Maxegwana
/person/hlengiwe-octavia-maxon/,Hlengiwe Octavia Maxon
/person/david-john-maynier/,David John Maynier
/person/fikile-april-mbalula/,Fikile Mbalula
/person/moses-sipho-mbatha/,Moses Sipho Mbatha
/person/baleka-mbete/,Baleka Mbete
/person/zakhele-njabulo-mbhele/,Zakhele Njabulo Mbhele
/person/sibongile-mchunu/,Sibongile Mchunu
/person/alan-ross-mcloughlin/,Alan Ross Mcloughlin
/person/nomakhaya-mavis-mdaka/,Nomakhaya Mavis Mdaka
/person/mzameni-richard-mdakane/,Mzameni Richard Mdakane
/person/thandi-cecilia-memela/,Thandi Cecilia Memela
/person/liezl-linda-van-der-merwe/,Liezl Linda van der Merwe
/person/kenneth-raselabe-joseph-meshoe/,Kenneth Raselabe Joseph Meshoe
/person/nomaindiya-cathleen-mfeketho/,Noma-India Mfeketho
/person/tsepo-winston-mhlongo/,Tsepo Winston Mhlongo
/person/natasha-wendy-anita-michael/,Natasha Wendy Anita Michael
/person/kevin-john-mileham/,Kevin John Mileham
/person/lindiwe-ntombikayise-mjobo/,Lindiwe Ntombikayise Mjobo
/person/hlengiwe-buhle-mkhize/,Hlengiwe Mkhize
/person/bongani-michael-mkongi/,Bongani Michael Mkongi
/person/humphrey-mmemezi/,Humphrey Mdumzeli Zondelele Mmemezi
/person/martha-phindile-mmola/,Martha Phindile Mmola
/person/samuel-gaaesi-mmusi/,Samuel Gaaesi Mmusi
/person/sibusiso-christopher-mncwabe/,Sibusiso Christopher Mncwabe
/person/mangaqa-albert-mncwango/,Mangaqa Albert Mncwango
/person/phumzile-justice-mnguni/,Pumzile Justice Mnguni
/person/derick-mnguni/,Derick Mnguni
/person/john-andile-mngxitam/,John Andile Mngxitama
/person/nokhaya-adelaide-mnisi/,Nokhaya Adelaide Mnisi
/person/velhelmina-pulani-mogotsi/,Velhelmina Pulani Mogotsi
/person/stevens-mokgalapa/,Stevens Mokgalapa
/person/nthibane-rebecca-mokoto/,Nthibane Rebecca Mokoto
/person/maapi-angelina-molebatsi/,Maapi Angelina Molebatsi
/person/bomo-edna-edith-molewa/,Edna Molewa
/person/joyce-clementine-moloi-moropa/,Joyce Clementine Moloi-Moropa
/person/magdalene-moonsamy/,Magdalene Moonsamy
/person/kgotso-zachariah-morapela/,Kgotso Zachariah Morapela
/person/masefele-rosalia-morutoa/,Masefele Rosalia Morutoa
/person/itumeleng-mosala/,Itumeleng Mosala
/person/sejamotopo-charles-motau/,Sejamotopo Charles Motau
/person/pebane-george-moteka/,Pebane George Moteka
/person/madipoane-refiloe-moremadi-mothapo/,Madipoane Refiloe Moremadi Mothapo
/person/malusi-stanley-motimele/,Malusi Stanley Motimele
/person/mathole-serofo-motshekga/,Mathole Serofo Motshekga
/person/matsie-angelina-motshekga/,Angie Motshekga
/person/pakishe-aaron-motsoaledi/,Aaron Motsoaledi
/person/seropane-senyane-alton-mphethi/,Seropane Senyane Alton Mphethi
/person/alfred-mkhipheni-mpontshane/,Alfred Mkhipheni Mpontshane
/person/loyiso-khanyisa-bunye-mpumlwana/,Loyiso Khanyisa Bunye Mpumlwana
/person/veronica-zanele-msibi/,Zanele kaMagwaza-Msibi
/person/jackson-mphikwa-mthembu/,Jackson Mphikwa Mthembu
/person/nokukhanya-mthembu/,Nokukhanya Mthembu
/person/enock-muzi-mthethwa/,Enock Muzi Mthethwa
/person/emmanuel-nkosinathi-mthethwa/,Nathi Mthethwa
/person/kenneth-sililo-mubu/,Kenneth Sililo Mubu
/person/abram-molefe-mudau/,Abram Molefe Mudau
/person/thilivhali-elphus-mulaudzi/,Thilivhali Elphus Mulaudzi
/person/pieter-willem-adriaan-mulder/,Pieter Willem Adriaan Mulder
/person/cornelius-petrus-mulder/,Cornelius Petrus Mulder
/person/azwihangwisi-faith-muthambi/,Faith Muthambi
/person/mamagase-elleck-nchabeleng/,Mamagase Elleck Nchabeleng
/person/stella-tembisa-ndabeni-abrahams/,Stella Ndabeni-Abrahams
/person/mbuyiseni-quintin-ndlozi/,Mbuyiseni Quintin Ndlozi
/person/nokuzola-ndongeni/,Nokuzola Ndongeni
/person/andries-carl-nel/,Andries Nel
/person/nhlanhla-musa-nene/,Nhlanhla Nene
/person/bonisile-nesi/,Bonisile Alfred Nesi
/person/beatrice-thembekile-ngcobo/,Beatrice Thembekile Ngcobo
/person/phumuzile-catherine-ngwenya-mabila/,Phumuzile Catherine Ngwenya-Mabila
/person/mogotle-friddah-nkadimeng/,Mogotle Friddah Nkadimeng
/person/hlakudi-frans-nkoana/,Hlakudi Frans Nkoana
/person/maite-emily-nkoana-mashabane/,Maite Nkoana-Mashabane
/person/sibongile-judith-nkomo/,Sibongile Judith Nkomo
/person/gugile-ernest-nkwinti/,Gugile Nkwinti
/person/girly-namhla-nobanda/,Girly Namhla Nobanda
/person/ndaba-nonhlanhla/,Claudia Nonhlanhla Ndaba
/person/ntombovuyo-veronica-nqweniso/,Ntombovuyo Veronica Nqweniso
/person/pumza-ntobongwana/,Pumza Ntobongwana
/person/madala-louis-david-ntombela/,Madala Louis David Ntombela
/person/lulama-maxwell-ntshayisa/,Lulama Maxwell Ntshayisa
/person/nosipho-dorothy-ntwanambi/,Nosipho Dorothy Ntwanambi
/person/thembelani-waltermade-nxesi/,Thulas Nxesi
/person/raesibe-eunice-nyalungu/,Raesibe Eunice Nyalungu
/person/bonginkosi-emmanuel-nzimande/,Bonginkosi “Blade” Nzimande
/person/mildred-nelisiwe-oliphant/,Mildred Oliphant
/person/gaolatlhe-godfrey-oliphant/,Godfrey Oliphant
/person/ian-michael-ollis/,Ian Michael Ollis
/person/belinda-van-onselen/,Belinda Van Onselen
/person/gerhardus-cornelius-oosthuizen/,Gert Oosthuizen
/person/grace-naledi-mandisa-pandor/,Naledi Pandor
/person/ebrahim-patel/,Ebrahim Patel
/person/chueu-patricia/,Mamonare Patricia Chueu
/person/elizabeth-dipuo-peters/,Dipuo Peters
/person/mathume-joseph-phaahla/,Joe Phaahla
/person/yvonne-nkwenkwezi-phosa/,Yvonne Nkwenkwezi Phosa
/person/imamile-aubin-pikinini/,Imamile Aubin Pikinini
/person/makgathatso-charlotte-chana-pilane-majake/,Makgathatso Charlotte Chana Pilane-Majake
/person/molapi-andries-plouamma/,Molapi Andries Tlouamma
/person/agnes-noluthando-daphne-qikani/,Agnes Daphne Noluthando Qikani
/person/mponeng-winston-rabotapi/,Mponeng Winston Rabotapi
/person/bhekiziswe-abram-radebe/,Bhekizizwe Abram Radebe
/person/goodwill-sbusiso-radebe/,Goodwill Sbusiso Radebe
/person/jeffrey-thamsanqa-radebe/,Jeff Radebe
/person/strike-michael-ralegoma/,Strike Michael Ralegoma
/person/ramakaudi-paul-ramakatsa/,Ramakaudi Paul Ramakatsa
/person/matamela-cyril-ramaphosa/,Cyril Ramaphosa
/person/ngoako-abel-ramatlhodi/,Ngoako Abel Ramatlhodi
/person/tete-ramalie-jonas-ezekiel-ramokhoase/,Tete Ramalie Jonas Ezekiel Ramokhoase
/person/daphne-zukiswa-rantho/,Daphne Zukiswa Rantho
/person/deborah-dineo-raphuti/,Deborah Dineo Raphuti
/person/marius-helenis-redelinghuys/,Marius Helenis Redelinghuys
/person/denise-robinson/,Denise Robinson
/person/david-douglas-van-rooyen/,David Douglas Des Van Rooyen
/person/ms-semenya-machwene-rosinah/,Machwene Rosina Semenya
/person/david-christie-ross/,David Christie Ross
/person/marthinus-christoffel-johannes-van-schalkwyk/,Marthinus Christoffel Johannes Van Schalkwyk
/person/sharome-renay-van-schalkwyk/,Sharome Renay Van Schalkwyk
/person/m-scheepers/,Maureen Angela Scheepers
/person/hendrik-cornelius-schmidt/,Hendrik Cornelus Schmidt
/person/james-selfe/,James Selfe
/person/cornelia-carol-september/,Cornelia Carol September
/person/mmoba-solomon-seshoka/,Mmoba Solomon Seshoka
/person/susan-shabangu/,Susan Shabangu
/person/maliyakhe-lymon-shelembe/,Maliyakhe Lymon Shelembe
/person/marian-robin-shinn/,Marian Robin Shinn
/person/nyiko-floyd-shivambu/,Nyiko Floyd Shivambu
/person/sheila-coleen-nkhensani-shope-sithole/,Sheila Coleen Nkhensani Shope-Sithole
/person/mtikeni-patrick-sibande/,Mtikeni Patrick Sibande
/person/narend-singh/,Narend Singh
/person/lindiwe-nonceba-sisulu/,Lindiwe Sisulu
/person/khethamabala-petros-sithole/,Khethamabala Petros Sithole
/person/elvis-kholwana-siwela/,Elvis Kholwana Siwela
/person/phumelele-stone-sizani/,Phumelele Stone Sizani
/person/james-jim-skosana/,James Jim Skosana
/person/mcebisi-skwatsha/,Mcebisi Skwatsha
/person/vincent-george-smith/,Vincent George Smith
/person/nokulunga-primrose-sonti/,Nokulunga Primrose Sonti
/person/makhotso-magdeline-sotyu/,Maggie Sotyu
/person/terri-stander/,Terri Stander
/person/john-henry-steenhuisen/,John Henry Steenhuisen
/person/johanna-steenkamp/,Johanna Steenkamp
/person/annette-steyn/,Annette Steyn
/person/dirk-jan-stubbe/,Dirk Jan Stubbe
/person/mohamed-enver-surty/,Enver Surty
/person/steven-nicholas-swart/,Steven Nicholas Swart
/person/johanna-fredrika-juanita-terblanche/,Johanna Fredrika Terblanche
/person/elizabeth-thabethe/,Elizabeth Thabethe
/person/barbara-thomson/,Barbara Thomson
/person/sello-albert-tleane/,Sello Albert Tleane
/person/thandi-vivian-tobias/,Thandi Vivian Tobias
/person/xoliswa-tom/,Xoliswa Sandra Tom
/person/tshoganetso-mpho-adolphina-tongwane/,Tshoganetso Mpho Adolphina Tongwane
/person/grace-kekulu-tseke/,Grace Kekulu Tseke
/person/rembuluwani-moses-tseli/,Rembuluwani Moses Tseli
/person/solomon-lechesa-tsenoli/,Solomon Lechesa Tsenoli
/person/michael-malisa-tshishonga/,Michael Malisa Tshishonga
/person/pamela-tshwete/,Pam Tshwete
/person/sibongile-pearm-tsoleli/,Sibongile Pearm Tsoleli
/person/mantsheng-anna-tsopo/,Mantsheng Anna Tsopo
/person/dikeledi-rebecca-tsotetsi/,Dikeledi Rebecca Tsotetsi
/person/diliza-lucky-twala/,Diliza Lucky Twala
/person/heinrich-cyril-volmink/,Heinrich Cyril Volmink
/person/james-vos/,James Vos
/person/d-van-der-walt/,Désirée Van Der Walt
/person/thomas-walters/,Thomas Charles Ravenscroft Walters
/person/michael-waters/,Michael Waters
/person/andricus-pieter-van-der-westhuizen/,Andricus Pieter Van der Westhuizen
/person/andrew-grant-whitfield/,Andrew Grant Whitfield
/person/adrian-john-williams/,Adrian John Williams
/person/evelyn-rayne-wilson/,Evelyn Rayne Wilson
/person/lindy-wilson/,Lindy Wilson
/person/tokozile-xasa/,Thokozile Xasa
/person/sheilla-tembalam-xego-sovita/,Sheilla Tembalam Xego-Sovita
/person/lumka-elizabeth-yengeni/,Lumka Elizabeth Yengeni
/person/senzeni-zokwana/,Senzeni Zokwana
/person/l-d-zulu/,Lindiwe Zulu
/person/cynthia-nocollege-majeke/,Cynthia Nocollege Majeke
